ID,Total_Area_m2,Conditioned_Area_m2,Cooling_Load_kWh,Lighting_kWh,Equipment_kWh,Hot_Water_kWh,Applied_COP,Cooling_Energy_kWh,Total_Energy_kWh,EUI_Gross_kWh_m2,EUI_Cooling_kWh_m2,EUI_Lighting_kWh_m2,EUI_Equipment_kWh_m2,EUI_Hot_Water_kWh_m2
BIZ1,6646.37,6646.37,11572959.73,204196.89,322654.44,0,4.5,2571768.829,3098620.159,466.2124075,386.9433734,30.72306989,48.54596419,0
BIZ10,809.68,809.68,1928928.33,23333.65,39305.59,0,4.5,428650.74,491289.98,606.7705513,529.4075931,28.81836034,48.54459787,0
BIZ11,8962,8962,10287523.42,393343.34,522083.07,0,5,2057504.684,2972931.094,331.7262993,229.5809734,43.89012944,58.25519638,0
BIZ12,19016.5,19016.5,21457529.2,949531.93,832922.74,0,6.2,3460891.806,5243346.476,275.7261576,181.9941528,49.93200273,43.8000021,0
BIZ13,10292.55,10292.55,5582653.79,179351.39,390705.08,0,6.2,900428.0306,1470484.501,142.8688227,87.48347403,17.42536009,37.95998854,0
BIZ14,16845.12,16845.12,21102750.88,841110.77,737816.46,0,6.2,3403669.497,4982596.727,295.7887345,202.0567082,49.93201414,43.80001211,0
BIZ15,10102.42,10102.42,12400407.75,280241.24,672578.99,0,6.2,2000065.766,2952885.996,292.2949151,197.978877,27.74001081,66.57602733,0
BIZ16,32004.7,32004.7,115213000,1685628.76,6214801.23,0,6,19202166.67,27102596.66,846.8317671,599.9795863,52.66816311,194.1840177,0
BIZ2,20264.02,20264.02,18147782.37,889390.73,1180484.82,0,5,3629556.474,5699432.024,281.258705,179.1133484,43.89014273,58.25521392,0
BIZ3,10546.81,10546.81,4745716.82,197522.93,400357.03,0,6.2,765438.1968,1363318.157,129.2635552,72.57532816,18.72821545,37.96001161,0
BIZ4,11521.06,11521.06,14730286.07,319594.09,767025.82,0,6.2,2375852.592,3462472.502,300.5341958,206.2182292,27.73999007,66.57597652,0
BIZ5,1009.77,1009.77,1874142.75,29099.91,49018.88,0,4.5,416476.1667,494594.9567,489.8095177,412.4465637,28.81835467,48.54459927,0
BIZ6,1033.9,1033.9,2161447.98,29795.09,50189.9,0,4.5,480321.7733,560306.7633,541.9351614,464.5727569,28.81815456,48.54424993,0
BIZ7,9460.27,9460.27,5086302.09,162766.5,359111.95,0,6.2,820371.3048,1342249.755,141.8828168,86.71753606,17.20527004,37.96001066,0
BIZ8,4932.42,4932.42,7943594.69,246285.75,216040.13,0,6.2,1281224.95,1743550.83,353.4879086,259.7558501,49.93203134,43.80002717,0
BIZ9,1742.9,1742.9,4243063.16,50227.42,84608.22,0,4.5,942902.9244,1077738.564,618.3593806,540.9965715,28.81830283,48.54450628,0
CLB1,2584.39,2584.39,3618607.54,74477.68,125457.84,0,4.5,804135.0089,1004070.529,388.5135482,311.1507972,28.81828207,48.54446891,0
CLB10,5925.12,5925.12,4714531.3,208043.34,287640.74,0,4.75,992532.9053,1488216.985,251.1707755,167.5127095,35.11208887,48.54597713,0
CLB2,3064.67,3064.67,3059789.61,88318.55,148772.81,0,4.5,679953.2467,917044.6067,299.2311103,221.8683404,28.81829039,48.5444795,0
CLB3,10167.28,10167.28,11754492.36,312370.32,493580.83,0,4.5,2612109.413,3418060.563,336.1823972,256.9132957,30.72309605,48.54600542,0
CLB4,13253.11,13253.11,12672814.43,581680.71,772062.53,0,5,2534562.886,3888306.126,293.3882029,191.242877,43.89012918,58.2551967,0
CLB5,28286.95,28286.95,26894248.91,1241517.78,1647861.68,0,5,5378849.782,8268229.242,292.2983652,190.1530487,43.89012531,58.25519117,0
CLB6,15077.66,15077.66,19510602.85,752857.87,660401.64,0,6.2,3146871.427,4560130.937,302.4428815,208.7108628,49.93201001,43.80000875,0
CLB7,7950.31,7950.31,3614567.21,142072.06,301793.69,0,6.2,582994.7113,1026860.461,129.1598015,73.32980869,17.87000255,37.95999024,0
CLB8,306.62,306.62,1107955.66,8836.28,14884.74,0,4.5,246212.3689,269933.3889,880.351539,802.9886142,28.81834192,48.54458287,0
CLB9,459.63,459.63,1579104.73,13245.79,22312.56,0,4.5,350912.1622,386470.5122,840.8296069,763.4666193,28.81837565,48.54461197,0
FASS1,1503.03,1503.03,1605032.28,43314.75,72963.8,0,4.5,356673.84,472952.39,314.6659681,237.3032075,28.81828706,48.5444735,0
FASS10,1562.02,1562.02,2909540.62,45014.68,75827.33,0,4.5,646564.5822,767406.5922,491.2911437,413.9284915,28.81824817,48.54440404,0
FASS11,6185.67,6185.67,11203849.73,271489.68,360347.19,0,5,2240769.946,2872606.816,464.3970364,362.2517764,43.89010083,58.2551591,0
FASS12,8433.65,8433.65,3925448.27,163656.2,320141.23,0,6.2,633136.8177,1116934.248,132.4378232,75.07269305,19.40514487,37.9599853,0
FASS13,596.7,596.7,1509269.5,17195.76,28966.3,0,4.5,335393.2222,381555.2822,639.4424036,562.0801445,28.81809955,48.54415954,0
FASS14,767.92,767.92,2190474.7,22130.04,37278.1,0,4.5,486772.1556,546180.2956,711.246348,633.8839405,28.81815814,48.5442494,0
FASS2,9248.82,9248.82,7943098.48,461812.32,405098.53,0,6.2,1281144.916,2148055.766,232.2518728,138.5198237,49.93202592,43.80002314,0
FASS3,1578.08,1578.08,2755503.73,45477.61,76607.15,0,4.5,612334.1622,734418.9222,465.387637,388.024791,28.8183172,48.54452879,0
FASS4,520.97,520.97,873978.99,15013.53,25290.33,0,4.5,194217.5533,234521.4133,450.1629908,372.7998797,28.81841565,48.54469547,0
FASS5,1169,1169,1843280.79,33688.55,56748.46,0,4.5,409617.9533,500054.9633,427.763014,350.4003023,28.81826347,48.54444825,0
FASS6,7832.89,7832.89,6962681.73,391112.05,343080.75,0,6.2,1123013.182,1857205.982,237.1035444,143.3714992,49.93202381,43.80002145,0
FASS7,11353.48,11353.48,13569978.64,566902.06,497282.51,0,6.2,2188706.232,3252890.802,286.5104622,192.7784461,49.93200851,43.80000757,0
FASS8,9561.62,9561.62,4079056.12,189718.14,362959.11,0,6.2,657912.2774,1210589.527,126.609249,68.80761601,19.84163144,37.96000155,0
FASS9,7555.39,7555.39,2988155.29,148744.15,286802.44,0,6.2,481960.5306,917507.1206,121.4374269,63.79029152,19.68715712,37.95997824,0
FOE1,17279.25,17279.25,20765043.58,479326.4,1150383.35,0,6.2,3349200.577,4978910.327,288.1438909,193.8278905,27.74000029,66.57600012,0
FOE10,25935.18,25935.18,55096351.73,1365958.18,5036197.02,0,6,9182725.288,15584880.49,600.9166117,354.0644518,52.66815885,194.184001,0
FOE11,12050.06,12050.06,5035700.53,234210.95,457420.25,0,6.2,812209.7629,1503840.963,124.7994585,67.40296421,19.43649658,37.95999771,0
FOE12,6476.13,6476.13,2806728.18,125951.74,245833.92,0,6.2,452698.0935,824483.7535,127.3111802,69.90256427,19.44861206,37.96000389,0
FOE13,19567.87,19567.87,18519493.91,977063.05,857072.85,0,6.2,2987015.147,4821151.047,246.380983,152.6489672,49.93200844,43.80000736,0
FOE14,1331.75,1331.75,2708819.53,38378.64,64648.91,0,4.5,601959.8956,704987.4456,529.3692101,452.0066796,28.81820161,48.54432889,0
FOE15,3146.81,3146.81,4917562.47,87292.53,209502.07,0,6.2,793155.2371,1089949.837,346.3665862,252.0505646,27.74000655,66.57601508,0
FOE16,19251.35,19251.35,6793392.32,373683.69,730781.24,0,6.2,1095708.439,2200173.369,114.2867055,56.91592739,19.41077846,37.95999969,0
FOE17,1670.44,1670.44,3209072.79,48139.27,81090.72,0,4.5,713127.2867,842357.2767,504.2726926,426.9098481,28.81831733,48.54452719,0
FOE18,16387.86,16387.86,13906160.3,818278.85,717788.47,0,6.2,2242929.081,3778996.401,230.597308,136.865282,49.9320137,43.80001233,0
FOE19,7070.93,7070.93,2314721.34,135339.08,268412.6,0,6.2,373342.1516,777093.8316,109.8998055,52.79958246,19.14020928,37.96001375,0
FOE2,2206.65,2206.65,3734569.21,63591.83,107120.59,0,4.5,829904.2689,1000616.689,453.4550966,376.0923884,28.81826751,48.54444067,0
FOE20,4012.15,4012.15,1414314.25,79700.15,152301.32,0,6.2,228115.2016,460116.6716,114.6808249,56.8561,19.86469848,37.96002642,0
FOE21,4372.07,4372.07,5506071.91,121281.18,291074.84,0,6.2,888076.1145,1300432.135,297.4408311,203.1248618,27.73999044,66.57597888,0
FOE22,8778.23,8778.23,5294764.56,308222.02,426147.78,0,4.75,1114687.276,1849057.076,210.6412199,126.9831476,35.11209207,48.54598023,0
FOE23,8774.73,8774.73,4810890.09,135832.16,333088.67,0,6.2,775950.0145,1244870.845,141.8699885,88.43007301,15.47992474,37.95999079,0
FOE24,7417.46,7417.46,7049069.93,205760.34,493824.82,0,6.2,1136946.763,1836531.923,247.5957973,153.279797,27.73999995,66.57600041,0
FOE25,12245.44,12245.44,4765360.76,239151.89,464836.94,0,6.2,768606.5742,1472595.404,120.2566346,62.76675842,19.52987316,37.96000307,0
FOE26,18548.61,18548.61,23943005.65,514538.55,1234892.52,0,6.2,3861775.105,5611206.175,302.513567,208.1975471,27.74000585,66.57601405,0
FOE28,1591.55,1591.55,568715.22,8381.4,73381.1,13420.14,3.2,177723.5062,272906.1463,171.4719275,111.6669324,5.26618705,46.10668845,8.432119632
FOE29,1556.59,1556.59,549021.53,8197.32,71769.48,13125.4,3.2,171569.2281,264661.4281,170.0264219,110.2212067,5.266203689,46.10686179,8.432149763
FOE3,8643.34,8643.34,10470109.61,239766.12,575438.7,0,6.2,1688727.356,2503932.176,289.6949763,195.3790267,27.73998477,66.57596485,0
FOE30,4298.22,4298.22,1465654.66,22635.3,198177.35,36243.23,3.2,458017.0812,715072.9612,166.3649048,106.5597111,5.266203219,46.1068419,8.432148657
FOE31,5506.34,5506.34,1730227.85,28997.49,253879.88,46430.26,3.2,540696.2031,870003.8331,158.0003838,98.19520827,5.266200416,46.10682958,8.43214549
FOE32,4276.67,4276.67,1214137.61,22521.78,197183.47,36061.46,3.2,379418.0031,635184.7131,148.5231999,88.71809214,5.266195428,46.106777,8.432135283
FOE33,4870.57,4870.57,4286978.2,213769.85,283735.88,0,5,857395.64,1354901.37,278.1812745,176.0359958,43.89010937,58.25516931,0
FOE4,1911.57,1911.57,1976174.25,53026.84,127264.4,0,6.2,318737.7823,499029.0223,261.0571532,166.7413604,27.73994151,66.57585126,0
FOE5,12013.06,12013.06,13676243.17,333242.27,799781.44,0,6.2,2205845.673,3338869.383,277.9366275,183.6206323,27.7399988,66.57599646,0
FOE6,8871.33,8871.33,11765242.08,442963.05,388564.08,0,6.2,1897619.69,2729146.82,307.6367152,213.9047573,49.93197751,43.79998039,0
FOE7,793.8,793.8,1849892.39,22875.91,38534.52,0,4.5,411087.1978,472497.6278,595.2351068,517.8725092,28.81822877,48.54436886,0
FOE8,1289.47,1289.47,3337414.21,37160.39,62596.77,0,4.5,741647.6022,841404.7622,652.5198432,575.1569267,28.81834397,48.54457258,0
FOE9,12810.64,12810.64,11875683.2,639660.63,561105.82,0,6.2,1915432.774,3116199.224,243.2508621,149.5188979,49.93198076,43.79998345,0
FOS1,5065.16,5065.16,4778871.23,252913.8,221854.21,0,6.2,770785.6823,1245553.692,245.9060903,152.1740048,49.93204558,43.80003988,0
FOS10,4548.83,4548.83,2255763.67,90011.83,172673.75,0,6.2,363832.85,626518.43,137.731775,79.98383101,19.7879081,37.96003588,0
FOS11,4815.53,4815.53,3025680.89,240448.84,210920.03,0,6.2,488013.0468,939381.9168,195.0734222,101.3415028,49.93195765,43.79996179,0
FOS12,363,363,1754628.67,10461.05,17621.66,0,4.5,389917.4822,418000.1922,1151.515681,1074.152844,28.81831956,48.54451791,0
FOS13,3307.69,3307.69,3736993.22,145175.06,192690.29,0,5,747398.644,1085263.994,328.1032969,225.9578872,43.89016504,58.2552446,0
FOS14,16703.96,16703.96,17246610.28,834061.97,731633.31,0,6.2,2781711.335,4347406.615,260.2620346,166.5300525,49.93199038,43.79999174,0
FOS15,4692.54,4692.54,4252490.08,205956.33,273365.03,0,5,850498.016,1329819.376,283.3900992,181.2447024,43.8901597,58.25523704,0
FOS16,2911.34,2911.34,3637775.2,83899.69,141329.24,0,4.5,808394.4889,1033623.419,355.0335649,277.6709312,28.81823834,48.54439536,0
FOS17,1741.11,1741.11,2387133.06,50175.64,84520.99,0,4.5,530474.0133,665170.6433,382.0382649,304.6757605,28.81819069,48.54431368,0
FOS18,1174.02,1174.02,1585813.39,33833.16,56992.04,0,4.5,352402.9756,443228.1756,377.5303449,300.1677787,28.81821434,48.54435188,0
FOS19,1491.4,1491.4,1157622.92,42979.61,72399.27,0,4.5,257249.5378,372628.4178,249.8514267,172.4886266,28.81829824,48.54450181,0
FOS2,5886.51,5886.51,2368888.06,96605.93,223451.93,0,6.2,382078.7194,702136.5794,119.2789241,64.90751215,16.41141016,37.96000177,0
FOS20,3130.73,3130.73,1576924.07,59483.37,118842.7,0,6.2,254342.5919,432668.6619,138.2005673,81.24066653,18.99984029,37.96006043,0
FOS21,11489.8,11489.8,12816493.19,318727.1,764945.03,0,6.2,2067176.321,3150848.451,274.230052,179.9140386,27.74000418,66.57600916,0
FOS22,4890.73,4890.73,2067556.12,98884.96,185651.93,0,6.2,333476.7935,618013.6835,126.3643022,68.18548428,20.21885485,37.95996303,0
FOS23,1758.64,1758.64,2539554.46,50681.07,85372.39,0,4.5,564345.4356,700398.8956,398.2616656,320.8987829,28.81833121,48.54455147,0
FOS24,18704.89,18704.89,54802031.84,985152.14,3632190.47,0,6,9133671.973,13751014.58,735.1561321,488.3039661,52.66816004,194.1840059,0
FOS25,14828.86,14828.86,19708062.21,411352.68,987246.42,0,6.2,3178719.711,4577318.811,308.6763791,214.3603562,27.74000699,66.57601596,0
FOS26,11442.24,11442.24,15757610.44,317407.86,761778.87,0,6.2,2541550.071,3620736.801,316.4360126,222.1199757,27.7400107,66.5760262,0
FOS27,1561.68,1561.68,294763.55,34195.23,59281.4,0,6.2,47542.50806,141019.1381,90.29963761,30.44318174,21.89643845,37.96001742,0
FOS28,8114.69,8114.69,7216380.68,405182.77,355423.48,0,6.2,1163932.368,1924538.618,237.1672384,143.4352228,49.93200849,43.80000715,0
FOS29,561.01,561.01,1633094.8,16167.42,27234.06,0,4.5,362909.9556,406311.4356,724.2498985,646.8867855,28.81841678,48.54469617,0
FOS3,5763.4,5763.4,2299047.18,93282.09,218778.51,0,6.2,370814.0613,682874.6613,118.4846898,64.33946304,16.1852535,37.95997328,0
FOS30,5965.3,5965.3,2507090.18,116009.94,226442.91,0,6.2,404369.3839,746822.2339,125.1944133,67.78693173,19.44746115,37.96002045,0
FOS31,4155.76,4155.76,1768854.95,81415.75,157752.63,0,6.2,285299.1855,524467.5655,126.2025635,68.6515067,19.59106156,37.95999528,0
FOS32,4740.2,4740.2,1871534.25,90115.35,179938.13,0,6.2,301860.3629,571913.8429,120.6518381,63.68093391,19.01087507,37.96002911,0
FOS33,1090.48,1090.48,643682.26,33502.78,52938.22,0,4.5,143040.5022,229481.5022,210.4408171,131.1720547,30.72296603,48.54579635,0
FOS34,8883.41,8883.41,6206200.55,443566.63,389093.53,0,6.2,1001000.089,1833660.249,206.4140064,112.6819643,49.93202273,43.80001936,0
FOS35,45064.56,45064.56,60182743.28,2250163.8,2779807.62,0,5.75,10466564.05,15496535.47,343.8741101,232.2571007,49.93200422,61.68500525,0
FOS36,1020.85,1020.85,1688234.45,29419.16,49556.64,0,4.5,375163.2111,454139.0111,444.8636049,367.500819,28.81829848,48.54448744,0
FOS37,4968.25,4968.25,2599830.17,92865.18,188594.71,0,6.2,419327.4468,700787.3368,141.0531549,84.40143849,18.69172848,37.95998792,0
FOS38,4080.89,4080.89,4473484.35,203767.2,178743.16,0,6.2,721529.7339,1104040.094,270.5390476,176.8069548,49.93204914,43.80004362,0
FOS39,2735.52,2735.52,995545.56,59652.67,103840.29,0,6.2,160571.8645,324064.8245,118.4655292,58.69884502,21.8067022,37.95998201,0
FOS4,7285.76,7285.76,3023579.1,143439.73,276567.53,0,6.2,487674.0484,907681.3084,124.5829273,66.93523371,19.68768255,37.96001104,0
FOS40,2957.27,2957.27,2864433.88,147662.58,129528.58,0,6.2,462005.4645,739196.6245,249.959126,156.227015,49.93205896,43.80005208,0
FOS41,32982.14,32982.14,38069839.89,1646864.29,2034503.4,0,5.75,6620841.72,10302209.41,312.3572155,200.7402103,49.93200229,61.68500285,0
FOS42,4763.35,4763.35,2385105.88,94769.95,180816.75,0,6.2,384694.4968,660281.1968,138.6169811,80.76133326,19.89565117,37.95999664,0
FOS43,8411.09,8411.09,7020842.31,419982.42,368405.63,0,6.2,1132393.921,1920781.971,228.3630268,134.6310551,49.93198503,43.79998668,0
FOS44,49272.1,49272.1,66264524.88,2460254.57,3039349.58,0,5.75,11524265.2,17023869.35,345.5072819,233.8902786,49.93200148,61.68500186,0
FOS45,12279.05,12279.05,8710845.49,613117.39,537822.28,0,6.2,1404975.079,2555914.749,208.1524832,114.4205031,49.93198904,43.79999104,0
FOS46,25950.8,25950.8,18843848.46,1295775.5,1136645.17,0,6.2,3039330.397,5471751.067,210.850959,117.118948,49.93200595,43.80000501,0
FOS5,8936.31,8936.31,11584242.95,247893.23,594943.75,0,6.2,1868426.282,2711263.262,303.3985238,209.0825276,27.73999895,66.57599725,0
FOS6,1123.87,1123.87,2017558.42,32388.04,54557.74,0,4.5,448346.3156,535292.0956,476.2936065,398.9307621,28.81831529,48.54452917,0
FOS7,1105.1,1105.1,1519543.87,31847.18,53646.66,0,4.5,337676.4156,423170.2556,382.9248535,305.5618637,28.81836938,48.5446204,0
FOS8,3323.98,3323.98,3332205.24,165973.21,145590.53,0,6.2,537452.4581,849016.1981,255.4215724,161.689438,49.9320724,43.80006197,0
FOS9,4071.51,4071.51,4311864.8,203298.72,178332.21,0,6.2,695462.0645,1077092.995,264.5438657,170.8118277,49.93202031,43.80001768,0
HALL1,5489.28,5489.28,1873965.55,28907.65,253093.29,46286.41,3.2,585614.2344,913901.5844,166.4884255,106.6832507,5.266200667,46.10682822,8.432145928
HALL10,2708.16,2708.16,934945.92,14261.7,124864.56,22835.58,3.2,292170.6,454132.44,167.6904023,107.88528,5.266195498,46.10678837,8.432138426
HALL11,2723.04,2723.04,955265.35,14340.07,125550.72,22961.07,3.2,298520.4219,461372.2819,169.4327964,109.6276301,5.266198807,46.10682179,8.43214569
HALL12,2758.74,2758.74,906014.47,14528.05,127196.51,23262.05,3.2,283129.5219,448116.1319,162.4350725,102.6300129,5.266190362,46.10674076,8.432128435
HALL13,2076.26,2076.26,705567.11,10933.99,95729.69,17507.31,3.2,220489.7219,344660.7119,166.0007474,106.1956219,5.266194985,46.10679298,8.432137594
HALL14,10345.78,10345.78,2763682.14,54482.92,477010.75,87237.06,3.2,863650.6688,1482381.399,143.2836769,83.47854572,5.266197425,46.10679427,8.432139481
HALL15,2604.31,2604.31,862255.84,13714.82,120076.5,21959.93,3.2,269454.95,425206.2,163.2701944,103.4650061,5.266201028,46.10683828,8.432149015
HALL16,2283.9,2283.9,753926.25,12027.46,105303.22,19258.15,3.2,235601.9531,372190.7831,162.9628194,103.1577359,5.266193791,46.10675599,8.432133631
HALL17,2803.75,2803.75,910652.89,14765.09,129271.87,23641.6,3.2,284579.0281,452257.5881,161.3045343,101.4994305,5.266193491,46.10677486,8.432135533
HALL18,3206.5,3206.5,1086556.77,16886.05,147841.33,27037.63,3.2,339548.9906,531314.0006,165.699049,105.8939625,5.266193669,46.10676127,8.432131608
HALL19,3326.35,3326.35,1094915.8,17517.19,153367.16,28048.21,3.2,342161.1875,541093.7475,162.6689156,102.863856,5.266189667,46.10674162,8.432128309
HALL2,2950.87,2950.87,1004191.08,15539.85,136055,24882.12,3.2,313809.7125,490286.6825,166.1498753,106.344811,5.266192682,46.1067414,8.432130185
HALL20,4049.28,4049.28,1202873.02,21324.33,186699.51,34144.13,3.2,375897.8188,618065.7888,152.635972,92.83077948,5.266202881,46.10684122,8.432148431
HALL21,3662.27,3662.27,1119336.39,19286.23,168855.49,30880.76,3.2,349792.6219,568815.1019,155.3176314,95.51251597,5.266195556,46.1067835,8.432136353
HALL22,3205.48,3205.48,1041202.75,16880.7,147794.52,27029.07,3.2,325375.8594,517080.1494,161.3113011,101.5061268,5.266200382,46.10682955,8.432144328
HALL3,6092.35,6092.35,2064781.52,32083.52,280898.72,51371.54,3.2,645244.225,1009598.005,165.7156935,105.9105641,5.266197773,46.10679295,8.432138666
HALL4,3248.44,3248.44,1164915.41,17106.95,149775.35,27391.33,3.2,364036.0656,558309.6956,171.8700963,112.0648883,5.266204701,46.10685437,8.43214897
HALL5,3338.75,3338.75,1205617.37,17582.53,153939.17,28152.83,3.2,376755.4281,576429.9581,172.6484337,112.8432581,5.266201423,46.10682741,8.432146762
HALL6,2773.75,2773.75,949410.18,14607.12,127888.79,23388.66,3.2,296690.6813,462575.2513,166.7689054,106.9637427,5.266199189,46.10681929,8.432144209
HALL7,3608.32,3608.32,1318074.13,19002.14,166368.2,30425.88,3.2,411898.1656,627694.3856,173.9575164,114.1523384,5.266201446,46.10683088,8.432145708
HALL8,2717.49,2717.49,958875.29,14310.83,125294.72,22914.25,3.2,299648.5281,462168.3281,170.0717677,110.2666535,5.266194172,46.10678236,8.432137745
HALL9,6116.24,6116.24,1854147.58,32209.32,282000.15,51572.97,3.2,579421.1188,945203.5588,154.5399721,94.7348565,5.266196225,46.10678293,8.432136411
KV1,6977.42,6977.42,1818904.5,36744.47,321706.47,58834.58,3.2,568407.6563,985693.1762,141.2690043,81.46387293,5.266197248,46.10679449,8.432139673
KV10,14791.18,14791.18,4454023.74,77893.27,681973.91,124721.29,3.2,1391882.419,2276470.889,153.907321,94.10218919,5.266197153,46.1067954,8.432139288
KV11,1915.96,1915.96,565917.1,10089.8,88338.56,16155.6,3.2,176849.0937,291433.0537,152.1081096,92.30312415,5.266185098,46.10668281,8.432117581
KV12,1793.33,1793.33,633460.13,9444.01,82684.53,15121.58,3.2,197956.2906,305206.4106,170.1897646,110.3847539,5.266186368,46.10670094,8.43212348
KV13,150.14,150.14,52076.48,790.66,6922.42,1265.99,3.2,16273.9,25252.97,168.1961503,108.3915013,5.266151592,46.10643399,8.432063407
KV2,20618.57,20618.57,5980528.91,86865.18,712992.27,130394.03,4.5,1329006.424,2259257.904,109.5739377,64.45677001,4.212958513,34.58010279,6.324106376
KV3,20618.57,20618.57,6001747.77,86865.18,712992.27,130394.03,4.5,1333721.727,2263973.207,109.8026297,64.68546202,4.212958513,34.58010279,6.324106376
KV4,20618.57,20618.57,6061710.44,86865.18,712992.27,130394.03,4.5,1347046.764,2277298.244,110.4488936,65.33172594,4.212958513,34.58010279,6.324106376
KV5,14790.53,14790.53,4692051.91,77889.88,681944.2,124715.85,3.2,1466266.222,2350816.152,158.9406297,99.13547533,5.266199386,46.10681294,8.432142053
KV6,14789.99,14789.99,4721527.36,77887.02,681919.15,124711.27,3.2,1475477.3,2359994.74,159.5670274,99.76188625,5.266198287,46.10680264,8.432140252
KV8,14793.42,14793.42,4886839.47,77905.06,682077.09,124740.17,3.2,1527137.334,2411859.654,163.0359751,103.2308509,5.266196728,46.10678869,8.432138748
KV9,14790.35,14790.35,4804890.46,77888.91,681935.76,124714.32,3.2,1501528.269,2386067.259,161.3259496,101.5208071,5.266197893,46.10680342,8.432141227
PGP1,1240.14,1240.14,516835.38,6530.83,57178.96,10457.05,3.2,161511.0563,235677.8962,190.0413633,130.2361477,5.266203816,46.1068589,8.432152821
PGP10,751.43,751.43,276731.93,3957.18,34646.02,6336.16,3.2,86478.72813,131418.0881,174.8906593,115.0855411,5.266199114,46.10678307,8.432136061
PGP11,894.7,894.7,342192.36,4711.67,41251.76,7544.24,3.2,106935.1125,160442.7825,179.325788,119.5206354,5.266200961,46.10680675,8.432144853
PGP12,1361.26,1361.26,498056.58,7168.67,62763.38,11478.34,3.2,155642.6813,237053.0713,174.1423911,114.3372179,5.266201901,46.1068275,8.432143749
PGP13,1065.43,1065.43,390322.47,5610.75,49123.41,8983.83,3.2,121975.7719,185693.7619,174.2899692,114.4850172,5.266183607,46.10665177,8.43211661
PGP14,878.69,878.69,363488.39,4627.34,40513.41,7409.21,3.2,113590.1219,166140.0819,189.0770145,129.2721231,5.266180337,46.10660187,8.432109163
PGP15,2699.97,2699.97,993632.97,11374.86,93365.23,17074.89,4.5,220807.3267,342622.3067,126.8985606,81.78140004,4.212957922,34.58009904,6.324103601
PGP16,2245.66,2245.66,858175.49,9460.87,77655.13,14201.79,4.5,190705.6644,292023.4544,130.0390328,84.92187795,4.212957438,34.58009227,6.324105163
PGP17,2946.28,2946.28,1000699.2,12412.57,101882.76,18632.6,4.5,222377.6,355305.53,120.5946244,75.47741559,4.212963466,34.58013495,6.324110404
PGP18,2520.72,2520.72,825158.58,13274.63,116222.47,21255.09,3.2,257862.0562,408614.2463,162.1021955,102.2969851,5.266205687,46.10685439,8.432150338
PGP19,2396.73,2396.73,827458.48,12621.64,110505.46,20209.55,3.2,258580.775,401917.425,167.6940769,107.8889883,5.266191853,46.10676213,8.432134617
PGP2,1357.78,1357.78,488687.69,7150.32,62602.73,11448.96,3.2,152714.9031,233916.9131,172.2789503,112.4739672,5.266184507,46.10668149,8.432117132
PGP20,1896.1,1896.1,659396.34,9985.25,87423.21,15988.2,3.2,206061.3562,319458.0163,168.4816287,108.676418,5.266204314,46.10685618,8.432150203
PGP21,1923.02,1923.02,651730.56,10127.02,88664.41,16215.19,3.2,203665.8,318672.42,165.7145636,105.9093509,5.26620628,46.10685796,8.432148392
PGP22,1161.67,1161.67,393423,6117.57,53560.76,9795.34,3.2,122944.6875,192418.3575,165.6394307,105.8344345,5.26618575,46.10669123,8.432119277
PGP23,1938.45,1938.45,695930.38,10208.27,89375.78,16345.29,3.2,217478.2438,333407.5837,171.9969995,112.1918253,5.266202378,46.10682762,8.432144239
PGP24,1937.73,1937.73,705899.73,10204.46,89342.42,16339.19,3.2,220593.6656,336479.7356,173.6463468,113.8412811,5.266192916,46.10674346,8.432129347
PGP25,1938.39,1938.39,682043.74,10207.97,89373.14,16344.81,3.2,213138.6687,329064.5888,169.7618068,109.9565458,5.266210618,46.10689283,8.432157615
PGP26,1937.8,1937.8,650196.6,10204.83,89345.65,16339.78,3.2,203186.4375,319076.6975,164.6592515,104.8541839,5.266193622,46.10674476,8.432129219
PGP27,4818.97,4818.97,1456242.75,20302.12,166640.44,30475.67,4.5,323609.5,541027.73,112.2704084,67.15325059,4.212958371,34.58009492,6.324104529
PGP28,4819.77,4819.77,1455994.15,20305.48,166668.04,30480.72,4.5,323554.2556,541008.4956,112.2477827,67.13064224,4.21295622,34.58008162,6.324102602
PGP29,7503.81,7503.81,2500514.79,39516.54,345976.61,63273.17,3.2,781410.8719,1230177.192,163.9403439,104.1352156,5.266196772,46.10679242,8.43213914
PGP3,1065.29,1065.29,373754.42,5610.02,49117.03,8982.66,3.2,116798.2562,180507.9663,169.4449082,109.6398692,5.266190427,46.10672211,8.432126463
PGP30,4417.93,4417.93,1632603.35,23265.7,203696.65,37252.61,3.2,510188.5469,774403.5069,175.2865045,115.4813559,5.266199329,46.10680794,8.432141297
PGP31,4371.7,4371.7,1605810.91,23022.23,201565.06,36862.78,3.2,501815.9094,763265.9794,174.5924879,114.7873618,5.266196217,46.10679141,8.432138527
PGP32,9498.15,9498.15,3500799.51,50019.14,437929.32,80089.73,3.2,1093999.847,1662038.037,174.9854484,115.1803085,5.266198154,46.10680185,8.432139943
PGP33,1187.04,1187.04,397670.96,6251.2,54730.77,10009.32,3.2,124272.175,195263.465,164.4961122,104.6908065,5.266208384,46.10692984,8.432167408
PGP34,300.17,300.17,133080.5,1580.76,13839.89,2531.08,3.2,41587.65625,59539.38625,198.3522212,138.5470109,5.266215811,46.10683946,8.432155112
PGP35,1006.95,1006.95,347132.16,5302.79,46427.2,8490.74,3.2,108478.8,168699.53,167.5351606,107.730076,5.26618998,46.10675803,8.43213665
PGP36,2130.43,2130.43,727218.77,11219.25,98227.16,17964.06,3.2,227255.8656,354666.3356,166.4764088,106.6713601,5.266190393,46.10672963,8.432128725
PGP37,4133.84,4133.84,1475197.95,21769.64,190598.32,34857.15,3.2,460999.3594,708224.4694,171.3236287,111.5184331,5.266202853,46.10684497,8.432147833
PGP38,4257.09,4257.09,1520286.52,22418.7,196281,35896.42,3.2,475089.5375,729685.6575,171.4047994,111.5995991,5.26620297,46.10684764,8.432149661
PGP39,1714.25,1714.25,606197.22,9027.61,79038.81,14454.84,3.2,189436.6312,291957.8913,170.3123181,110.5070038,5.266215546,46.10693306,8.43216567
PGP4,775.18,775.18,303014.39,4082.27,35741.23,6536.46,3.2,94691.99688,141051.9569,181.9602633,122.1548503,5.266222039,46.1070074,8.432183493
PGP5,661.83,661.83,358560.8,3485.33,30514.9,5580.65,3.2,112050.25,151631.13,229.1088799,169.3036731,5.26620129,46.10685523,8.43215025
PGP6,1243.02,1243.02,481335.17,6545.98,57311.61,10481.3,3.2,150417.2406,224756.1306,180.8145731,121.0095096,5.266190407,46.10674808,8.432124986
PGP7,1000.8,1000.8,364089.58,5270.39,46143.49,8438.85,3.2,113777.9938,173630.7238,173.4919302,113.6870441,5.266177058,46.10660472,8.432104317
PGP8,4886.86,4886.86,1699974.35,25735.18,225317.53,41206.7,3.2,531241.9844,823501.3944,168.5134001,108.7082471,5.266199564,46.10681092,8.432142521
PGP9,644.61,644.61,238235.29,3394.66,29721.07,5435.47,3.2,74448.52813,112999.7281,175.2993719,115.4939081,5.266222988,46.10705698,8.432183801
R1,28596.35,28596.35,11285531.46,583280.25,1085517.5,0,6.2,1820247.01,3489044.76,122.0101432,63.6531239,20.39701745,37.96000189,0
R10,189.97,189.97,351374.18,10005.62,36890.07,0,6,58562.36333,105458.0533,555.1300381,308.2716394,52.66947413,194.1889246,0
R11,83.38,83.38,165534.51,4391.41,16190.83,0,6,27589.085,48171.325,577.7323699,330.8837251,52.66742624,194.1812185,0
R12,304.55,304.55,771737.06,16040.1,59138.8,0,6,128622.8433,203801.7433,669.1897663,422.3373611,52.66819898,194.1842062,0
R13,211.88,211.88,737531.01,11159.59,41144.68,0,6,122921.835,175226.105,827.0063479,580.1483623,52.66938833,194.1885973,0
R14,238.68,238.68,463991.64,12570.95,46348.26,0,6,77331.94,136251.15,570.8528155,323.9984079,52.66863583,194.1857717,0
R15,333.85,333.85,695776.29,17583.37,64828.72,0,6,115962.715,198374.805,594.2033997,347.3497529,52.66847387,194.185173,0
R16,134.78,134.78,250039.87,7098.81,26172.86,0,6,41673.31167,74944.98167,556.0541747,309.195071,52.66960973,194.189494,0
R17,184.62,184.62,502100.86,9723.56,35850.11,0,6,83683.47667,129257.1467,700.1253746,453.2741668,52.66796663,194.1832413,0
R18,320.69,320.69,714223.97,16890.21,62273.1,0,6,119037.3283,198200.6383,618.0443367,371.1912699,52.66834014,194.1847267,0
R19,770.93,770.93,1062530.03,40603.24,149701.46,0,6,177088.3383,367393.0383,476.5582327,229.7074162,52.66786868,194.1829479,0
R2,1357.37,1357.37,6456623.44,71490.17,263579.5,0,6,1076103.907,1411173.577,1039.638107,792.7859807,52.66815238,194.1839734,0
R20,1157.6,1157.6,1225995.38,60968.68,224787.48,0,6,204332.5633,490088.7233,423.3662088,176.5139628,52.66817554,194.1840705,0
R21,1510.45,1510.45,1748077.45,79552.66,293305.38,0,6,291346.2417,664204.2817,439.7393371,192.887048,52.66818498,194.1841041,0
R22,584.59,584.59,880906.94,30789.48,113518.76,0,6,146817.8233,291126.0633,498.0004162,251.1466555,52.66850271,194.185258,0
R23,545.16,545.16,642299.5,28712.63,105861.54,0,6,107049.9167,241624.0867,443.2168293,196.3642172,52.66826253,194.1843495,0
R24,728.4,728.4,1039647.27,38363.36,141443.16,0,6,173274.545,353081.065,484.7351249,237.8837795,52.66798462,194.1833608,0
R25,231.83,231.83,425059.41,12210.09,45017.77,0,6,70843.235,128071.095,552.4353837,305.5826899,52.66829142,194.1844024,0
R26,402.16,402.16,414392.26,21180.88,78092.49,0,6,69065.37667,168338.7467,418.5864996,171.7360669,52.66779391,194.1826388,0
R3,27496.77,27496.77,37671745.37,1448204.17,5339432.54,0,6,6278624.228,13066260.94,475.1925749,228.3404279,52.66815593,194.1839911,0
R4,6108.74,6108.74,7718750.1,321736.04,1186219.41,0,6,1286458.35,2794413.8,457.4452015,210.5930765,52.66815088,194.1839741,0
R6,89.66,89.66,119885.32,4722.25,17410.62,0,6,19980.88667,42113.75667,469.705071,222.8517362,52.66841401,194.1849208,0
R7,200.96,200.96,584429.87,10584.37,39023.88,0,6,97404.97833,147013.2283,731.5546792,484.6983396,52.66903861,194.187301,0
R8,705,705,3936354.61,37130.81,136898.83,0,6,656059.1017,830088.7417,1177.430839,930.5802861,52.6678156,194.1827376,0
R9,211.54,211.54,654623.2,11141.24,41077.02,0,6,109103.8667,161322.1267,762.6081435,515.7599824,52.66729697,194.1808641,0
UCC1,29798.51,29798.51,28628953.53,915502.3,1446598.34,0,4.5,6361989.673,8724090.313,292.769347,213.5002614,30.72308985,48.54599576,0
UCC2,43523.63,43523.63,38765896.77,1910257.71,2535477.56,0,5,7753179.354,12198914.62,280.2825643,178.1372407,43.89012842,58.25519517,0
UCC5,764.7,764.7,669252.17,33562.98,44548.01,0,5,133850.434,211961.424,277.1824559,175.0365294,43.89038839,58.25553812,0
UCC6,13121.21,13121.21,15803077.75,403124.09,636982.16,0,4.5,3511795.056,4551901.306,346.9117029,267.6426226,30.72308804,48.54599233,0
UHALL1,13389.96,13389.96,10135809.27,470149.86,650029.23,0,4.75,2133854.583,3254033.673,243.0204178,159.3622821,35.11211833,48.54601731,0
UHALL2,18410.19,18410.19,14750707.88,646420.46,893740.99,0,4.75,3105412.185,4645573.635,252.3370826,168.6789862,35.1121015,48.54599491,0
UHC11,5910,5910,12995297.59,259390.68,344288.23,0,3,4331765.863,4935444.773,835.1006385,732.9553068,43.89013198,58.25519966,0
UHC12,52487.5,52487.5,192759100,2175276.2,2776149.93,0,3,64253033.33,69204459.46,1318.494107,1224.158768,41.44369993,52.89163953,0
UHC4,76116,76116,82273817.16,3340741.29,4434152.8,0,3,27424605.72,35199499.81,462.4454755,360.3001435,43.89013204,58.25519996,0
UHC7,16938,16938,17188843.75,743411.06,986726.58,0,3,5729614.583,7459752.223,440.4151744,338.269842,43.89013225,58.25520014,0
UHC8,92961,92961,334596700,3852647.8,4916859.71,0,3,111532233.3,120301740.8,1294.109797,1199.774457,41.44370005,52.89163961,0
UHC9,22806,22806,28503655.31,1000958.35,1328568.09,0,3,9501218.437,11830744.88,518.7558045,416.6104725,43.89013198,58.25519995,0
UT1,6338.27,6338.27,1794367.81,33378.57,292237.27,53445.16,3.2,560739.9406,939800.9406,148.2740465,88.46892616,5.266195665,46.10678781,8.432136845
UT10,2320.1,2320.1,766867.46,12218.08,106972.2,19563.37,3.2,239646.0813,378399.7312,163.0963024,103.2912725,5.266186802,46.10671954,8.432123615
UT11,13061.4,13061.4,3604263.96,55027.14,451664.57,82601.68,4.5,800947.5467,1390240.937,106.4388914,61.32172253,4.212958795,34.58010397,6.324106145
UT12,3400.88,3400.88,1169839.07,17909.68,156803.5,28676.66,3.2,365574.7094,568964.5494,167.2992135,107.4941513,5.266189927,46.10674296,8.432129331
UT13,504.97,504.97,204656.59,2659.27,23282.51,4257.97,3.2,63955.18438,94154.93438,186.4564912,126.6514533,5.266194031,46.10671921,8.432124681
UT14,6157.62,6157.62,1949303.87,25941.78,212930.99,38941.41,4.5,433178.6378,710992.8178,115.4655237,70.34838749,4.212955655,34.58007964,6.32410087
UT15,1411.25,1411.25,458405.87,7431.93,65068.27,11899.87,3.2,143251.8344,227651.9044,161.312244,101.5070571,5.26620372,46.10683437,8.432148804
UT16,6727.08,6727.08,2038667.69,28340.9,232623.06,42542.76,4.5,453037.2644,756543.9844,112.4624628,67.3453065,4.212957182,34.58009419,6.324104961
UT17,1760.8,1760.8,593143.91,9272.72,81184.83,14847.31,3.2,185357.4719,290662.3319,165.0740186,105.2688959,5.266197183,46.10678669,8.432138801
UT18,4234.12,4234.12,1301030.22,22297.72,195221.76,35702.7,3.2,406571.9438,659794.1237,155.8279226,96.02277303,5.266199352,46.1068085,8.432141744
UT19,3236.78,3236.78,912147.45,17045.52,149237.49,27292.97,3.2,285046.0781,478622.0581,147.8698145,88.0647057,5.266196652,46.10677587,8.432136259
UT2,9515.11,9515.11,2840993.11,40086.76,329033.47,60174.56,4.5,631331.8022,1060626.592,111.4676123,66.35044705,4.212958127,34.58010154,6.324105554
UT20,14741.23,14741.23,3820952.02,62104.17,509753.04,93225.05,4.5,849100.4489,1514182.709,102.7175282,57.60037995,4.212957128,34.58008864,6.324102534
UT21,5690.58,5690.58,1414677.29,29967.7,262374.23,47983.73,3.2,442086.6531,782412.3131,137.4925426,77.68745069,5.266194307,46.10676416,8.432133456
UT22,16623.16,16623.16,4212080.84,70032.68,574830.56,105126.62,4.5,936017.9644,1686007.824,101.4252299,56.30806444,4.212958306,34.5801015,6.324105645
UT23,3620.19,3620.19,1060735.11,19064.62,166915.2,30525.92,3.2,331479.7219,547985.4619,151.3692546,91.56417809,5.266193211,46.1067513,8.432132015
UT24,2649.99,2649.99,782390.7,13955.39,122182.72,22345.11,3.2,244497.0937,402980.3138,152.0686168,92.26340241,5.266204778,46.10686078,8.432148801
UT25,1390.24,1390.24,433543.39,7321.26,64099.35,11722.67,3.2,135482.3094,218625.5894,157.2574443,97.452461,5.266184256,46.10667942,8.432119634
UT26,18383.67,18383.67,4952630.17,77449.65,635709.29,116260.29,4.5,1100584.482,1930003.712,104.98468,59.86750645,4.21295911,34.58010778,6.324106666
UT27,1484.41,1484.41,457786.32,7817.2,68441.43,12516.76,3.2,143058.225,231833.615,156.1789634,96.37379498,5.266200039,46.10682359,8.432144758
UT28,4402.97,4402.97,1079548.51,23186.89,203006.7,37126.43,3.2,337358.9094,600678.9294,136.425851,76.62076039,5.266193047,46.1067643,8.43213331
UT29,19911.17,19911.17,5107814.5,83884.93,688530.26,125920.35,4.5,1135069.889,2033405.429,102.1238545,57.00668966,4.212958355,34.58010052,6.324106017
UT3,2254.94,2254.94,590553.45,11874.93,103967.84,19013.93,3.2,184547.9531,319404.6531,141.6466306,81.84162467,5.266184466,46.10669907,8.432122362
UT30,3588.88,3588.88,946176.01,18899.73,165471.57,30261.91,3.2,295680.0031,510313.2131,142.1928883,82.38782103,5.266191681,46.10674361,8.43213203
UT31,1466.62,1466.62,397317.57,7723.5,67621.08,12366.73,3.2,124161.7406,211873.0506,144.4634947,84.65842592,5.266190288,46.10674885,8.432129659
UT32,49886.45,49886.45,11666484.38,210169.52,1725078.35,315487.13,4.5,2592552.084,4843287.084,97.0862245,51.96906343,4.212958028,34.5800984,6.324104642
UT33,41065.32,41065.32,9775919.63,173006.46,1420042.71,259701.38,4.5,2172426.584,4025177.134,98.01889123,52.90173276,4.212957795,34.58009605,6.324104622
UT34,18027.72,18027.72,14780364.99,791239.06,1050208.5,0,5,2956072.998,4797520.558,266.1190965,163.9737581,43.89013475,58.25520365,0
UT35,3181.92,3181.92,2520437.85,139654.89,185363.39,0,4.5,560097.3,885115.58,278.1702808,176.0249472,43.89013237,58.25520126,0
UT36,31734.11,31734.11,38376924.82,1392814.25,1848676.89,0,4.5,8528205.516,11769696.66,370.8847248,268.7393948,43.89013116,58.2551989,0
UT37,60522.14,60522.14,79763775.46,3021991.44,3733308.14,0,5.75,13871960.95,20627260.53,340.8217312,229.2047332,49.9319991,61.68499891,0
UT38,34863.76,34863.76,48413719.31,967120.78,2321089.87,0,6.2,7808664.405,11096875.05,318.2925495,223.976542,27.74000223,66.57600528,0
UT39,1549.92,1549.92,2616986.31,47618.27,75242.32,0,4.5,581552.5133,704413.1033,454.4835239,375.2145358,30.72305022,48.54593785,0
UT4,1942.79,1942.79,598777.54,10231.11,89575.77,16381.87,3.2,187117.9813,303306.7313,156.119154,96.31405414,5.266194493,46.10676913,8.432136258
UT40,36.7,36.7,61517.81,1610.9,2138.13,0,4.5,13670.62444,17419.65444,474.6499849,372.4965789,43.89373297,58.25967302,0
UT41,36.8,36.8,59380.62,1615.12,2143.74,0,4.5,13195.69333,16954.55333,460.721558,358.5786232,43.88913043,58.25380435,0
UT42,36.8,36.8,58554.27,1615.12,2143.74,0,4.5,13012.06,16770.92,455.7315217,353.588587,43.88913043,58.25380435,0
UT43,36.74,36.74,57525.3,1612.55,2140.33,0,4.5,12783.4,16536.28,450.089276,347.9422972,43.89085465,58.25612412,0
UT44,44.03,44.03,66484.39,1932.65,2565.19,0,4.5,14774.30889,19272.14889,437.7049486,335.5509627,43.89393595,58.26004997,0
UT45,44.11,44.11,65227.2,1935.8,2569.38,0,4.5,14494.93333,19000.11333,430.7438978,328.6087811,43.88574019,58.24937656,0
UT5,4343.47,4343.47,1325056.74,18298.88,150197.77,27468.59,4.5,294457.0533,490422.2933,112.9102522,67.79304412,4.212963368,34.58013294,6.324111828
UT6,15158.92,15158.92,5178099.21,298315.01,575432.45,0,6.2,835177.2919,1708924.752,112.7339383,55.09477535,19.67917305,37.95998989,0
UT7,22696.01,22696.01,6182675.44,490944.61,861540.53,0,6.2,997205.7161,2349690.856,103.5288078,43.93749016,21.63131802,37.95999958,0
UT8,1721.4,1721.4,604165.95,28529.34,65344.39,0,6.2,97446.12097,191319.851,111.1420071,56.60864469,16.57333566,37.96002672,0
UT9,7308.5,7308.5,2133869.5,38488,336971.48,61626.28,3.2,666834.2188,1103919.979,151.0460394,91.24091383,5.266196894,46.10679072,8.432137922
YIH10,2080.11,2080.11,710782.83,10954.28,95907.32,17539.8,3.2,222119.6344,346521.0344,166.5878412,106.7826386,5.266202268,46.10685012,8.432150223
YIH11,1690.64,1690.64,608615.49,8903.23,77949.83,14255.68,3.2,190192.3406,291301.0806,172.3022528,112.497244,5.266189135,46.10669924,8.43212038
YIH12,2685.88,2685.88,834737.79,14144.38,123837.41,22647.73,3.2,260855.5594,421485.0794,156.9262511,97.1210774,5.266199532,46.10682905,8.432145144
YIH13,2169.95,2169.95,722354.83,11427.4,100049.55,18297.34,3.2,225735.8844,355510.1744,163.8333484,104.0281501,5.26620429,46.10684578,8.432148206
YIH14,7138.02,7138.02,2304311.99,37590.25,329111.45,60188.82,3.2,720097.4969,1146988.017,160.6871397,100.8819668,5.266201272,46.10682654,8.432145049
YIH15,8257.63,8257.63,2366852.5,43486.3,380732.75,69629.46,3.2,739641.4063,1233489.916,149.3757793,89.57066449,5.266196233,46.10678245,8.432136097
YIH16,1875.69,1875.69,2358876.96,52031.57,124875.76,0,6.2,380464.0258,557371.3558,297.1553699,202.8395022,27.73996236,66.5759054,0
YIH17,552.15,552.15,1112854.96,29080.86,107219.19,0,6,185475.8267,321775.8767,582.7689517,335.9156509,52.66840532,194.1848954,0
YIH18,538.45,538.45,978698.34,28359.31,104558.88,0,6,163116.39,296034.58,549.7902869,302.9369301,52.66841861,194.1849382,0
YIH19,495.29,495.29,750305.22,26085.98,96177.27,0,6,125050.87,247314.12,499.3319469,252.4801026,52.66809344,194.1837509,0
YIH2,16191.38,16191.38,34573368.75,852769.93,3144106.08,0,6,5762228.125,9759104.135,602.7345498,355.8824588,52.66814379,194.1839473,0
YIH20,547.8,547.8,1109031.68,28851.87,106374.93,0,6,184838.6133,320065.4133,584.274212,337.4198856,52.66861993,194.1857065,0
YIH3,14322.48,14322.48,10065582.96,440031.01,695299.32,0,4.5,2236796.213,3372126.543,235.4429221,156.173806,30.72310173,48.54601438,0
YIH4,3493.36,3493.36,3277540.79,107326.84,169588.68,0,4.5,728342.3978,1005257.918,287.7624745,208.4933696,30.72309753,48.54600728,0
YIH5,2868.98,2868.98,3744984.22,88144.01,139277.62,0,4.5,832218.7156,1059640.346,369.343929,290.0747707,30.72311762,48.54604075,0
YIH6,13581,13581,23867332.21,417250.27,659303.15,0,4.5,5303851.602,6380405.022,469.8037716,390.5346883,30.72308887,48.5459944,0
YIH7,2606.51,2606.51,2549877.09,80079.89,126535.39,0,4.5,566639.3533,773254.6333,296.6628301,217.393892,30.72303195,48.54590621,0
YIH8,4020.82,4020.82,2877678.33,176474.45,234233.84,0,5,575535.666,986243.956,245.2842843,143.1388786,43.8901642,58.25524147,0
YIH9,17576.53,17576.53,4908657.72,92561.51,810397.78,148207.79,3.2,1533955.537,2585122.617,147.0780989,87.27294509,5.266199301,46.10681289,8.432141612
KV7,15967.58,15967.58,1588920.599,84087.13733,736210.6176,134671.4739,3.2,496537.6872,1451506.916,90.90337522,90.90337522,5.266116552,46.10658707,8.434056626